Workbook

Sheet Summary
A1: Document Organizer v2.1 — Maker-checker test evidence
A2: Generated 23-Oct-2026. Maker = the developer's automated suites (final round 5). Checker = an independent agent that did not write the code or the maker's tests: it re-ran every suite on its own instance and ran its own scenarios.
A4: Suite | B4: Checks | C4: Maker PASS | D4: Maker FAIL | E4: Checker PASS | F4: Checker FAIL / not run
A5: tests/e2e.mjs | B5: =COUNTIF('Test cases'!$B$2:$B$469,"tests/e2e.mjs") -> 159 | C5: =COUNTIFS('Test cases'!$B$2:$B$469,"tests/e2e.mjs",'Test cases'!$E$2:$E$469,"PASS") -> 159 | D5: =COUNTIFS('Test cases'!$B$2:$B$469,"tests/e2e.mjs",'Test cases'!$E$2:$E$469,"FAIL") -> 0 | E5: =COUNTIFS('Test cases'!$B$2:$B$469,"tests/e2e.mjs",'Test cases'!$G$2:$G$469,"PASS") -> 159 | F5: =B5-E5 -> 0
A6: tests/e2e-mapping.mjs | B6: =COUNTIF('Test cases'!$B$2:$B$469,"tests/e2e-mapping.mjs") -> 24 | C6: =COUNTIFS('Test cases'!$B$2:$B$469,"tests/e2e-mapping.mjs",'Test cases'!$E$2:$E$469,"PASS") -> 24 | D6: =COUNTIFS('Test cases'!$B$2:$B$469,"tests/e2e-mapping.mjs",'Test cases'!$E$2:$E$469,"FAIL") -> 0 | E6: =COUNTIFS('Test cases'!$B$2:$B$469,"tests/e2e-mapping.mjs",'Test cases'!$G$2:$G$469,"PASS") -> 24 | F6: =B6-E6 -> 0
A7: tests/e2e-scenarios.mjs | B7: =COUNTIF('Test cases'!$B$2:$B$469,"tests/e2e-scenarios.mjs") -> 90 | C7: =COUNTIFS('Test cases'!$B$2:$B$469,"tests/e2e-scenarios.mjs",'Test cases'!$E$2:$E$469,"PASS") -> 90 | D7: =COUNTIFS('Test cases'!$B$2:$B$469,"tests/e2e-scenarios.mjs",'Test cases'!$E$2:$E$469,"FAIL") -> 0 | E7: =COUNTIFS('Test cases'!$B$2:$B$469,"tests/e2e-scenarios.mjs",'Test cases'!$G$2:$G$469,"PASS") -> 87 | F7: =B7-E7 -> 3
A8: tests/e2e-exclusions.mjs | B8: =COUNTIF('Test cases'!$B$2:$B$469,"tests/e2e-exclusions.mjs") -> 28 | C8: =COUNTIFS('Test cases'!$B$2:$B$469,"tests/e2e-exclusions.mjs",'Test cases'!$E$2:$E$469,"PASS") -> 28 | D8: =COUNTIFS('Test cases'!$B$2:$B$469,"tests/e2e-exclusions.mjs",'Test cases'!$E$2:$E$469,"FAIL") -> 0 | E8: =COUNTIFS('Test cases'!$B$2:$B$469,"tests/e2e-exclusions.mjs",'Test cases'!$G$2:$G$469,"PASS") -> 28 | F8: =B8-E8 -> 0
A9: tests/e2e-makerchecker.mjs | B9: =COUNTIF('Test cases'!$B$2:$B$469,"tests/e2e-makerchecker.mjs") -> 45 | C9: =COUNTIFS('Test cases'!$B$2:$B$469,"tests/e2e-makerchecker.mjs",'Test cases'!$E$2:$E$469,"PASS") -> 45 | D9: =COUNTIFS('Test cases'!$B$2:$B$469,"tests/e2e-makerchecker.mjs",'Test cases'!$E$2:$E$469,"FAIL") -> 0 | E9: =COUNTIFS('Test cases'!$B$2:$B$469,"tests/e2e-makerchecker.mjs",'Test cases'!$G$2:$G$469,"PASS") -> 45 | F9: =B9-E9 -> 0
A10: tests/e2e-security.mjs | B10: =COUNTIF('Test cases'!$B$2:$B$469,"tests/e2e-security.mjs") -> 12 | C10: =COUNTIFS('Test cases'!$B$2:$B$469,"tests/e2e-security.mjs",'Test cases'!$E$2:$E$469,"PASS") -> 12 | D10: =COUNTIFS('Test cases'!$B$2:$B$469,"tests/e2e-security.mjs",'Test cases'!$E$2:$E$469,"FAIL") -> 0 | E10: =COUNTIFS('Test cases'!$B$2:$B$469,"tests/e2e-security.mjs",'Test cases'!$G$2:$G$469,"PASS") -> 12 | F10: =B10-E10 -> 0
A11: tests/e2e-live.mjs | B11: =COUNTIF('Test cases'!$B$2:$B$469,"tests/e2e-live.mjs") -> 56 | C11: =COUNTIFS('Test cases'!$B$2:$B$469,"tests/e2e-live.mjs",'Test cases'!$E$2:$E$469,"PASS") -> 56 | D11: =COUNTIFS('Test cases'!$B$2:$B$469,"tests/e2e-live.mjs",'Test cases'!$E$2:$E$469,"FAIL") -> 0 | E11: =COUNTIFS('Test cases'!$B$2:$B$469,"tests/e2e-live.mjs",'Test cases'!$G$2:$G$469,"PASS") -> 56 | F11: =B11-E11 -> 0
A12: Browser: multiple mapping files | B12: =COUNTIF('Test cases'!$B$2:$B$469,"Browser: multiple mapping files") -> 15 | C12: =COUNTIFS('Test cases'!$B$2:$B$469,"Browser: multiple mapping files",'Test cases'!$E$2:$E$469,"PASS") -> 15 | D12: =COUNTIFS('Test cases'!$B$2:$B$469,"Browser: multiple mapping files",'Test cases'!$E$2:$E$469,"FAIL") -> 0 | E12: =COUNTIFS('Test cases'!$B$2:$B$469,"Browser: multiple mapping files",'Test cases'!$G$2:$G$469,"PASS") -> 0 | F12: =B12-E12 -> 15
A13: Browser: bulk exclusion | B13: =COUNTIF('Test cases'!$B$2:$B$469,"Browser: bulk exclusion") -> 14 | C13: =COUNTIFS('Test cases'!$B$2:$B$469,"Browser: bulk exclusion",'Test cases'!$E$2:$E$469,"PASS") -> 14 | D13: =COUNTIFS('Test cases'!$B$2:$B$469,"Browser: bulk exclusion",'Test cases'!$E$2:$E$469,"FAIL") -> 0 | E13: =COUNTIFS('Test cases'!$B$2:$B$469,"Browser: bulk exclusion",'Test cases'!$G$2:$G$469,"PASS") -> 0 | F13: =B13-E13 -> 14
A14: Browser: maker-checker | B14: =COUNTIF('Test cases'!$B$2:$B$469,"Browser: maker-checker") -> 14 | C14: =COUNTIFS('Test cases'!$B$2:$B$469,"Browser: maker-checker",'Test cases'!$E$2:$E$469,"PASS") -> 14 | D14: =COUNTIFS('Test cases'!$B$2:$B$469,"Browser: maker-checker",'Test cases'!$E$2:$E$469,"FAIL") -> 0 | E14: =COUNTIFS('Test cases'!$B$2:$B$469,"Browser: maker-checker",'Test cases'!$G$2:$G$469,"PASS") -> 0 | F14: =B14-E14 -> 14
A15: Crash and resume (SIGKILL during copy) | B15: =COUNTIF('Test cases'!$B$2:$B$469,"Crash and resume (SIGKILL during copy)") -> 5 | C15: =COUNTIFS('Test cases'!$B$2:$B$469,"Crash and resume (SIGKILL during copy)",'Test cases'!$E$2:$E$469,"PASS") -> 5 | D15: =COUNTIFS('Test cases'!$B$2:$B$469,"Crash and resume (SIGKILL during copy)",'Test cases'!$E$2:$E$469,"FAIL") -> 0 | E15: =COUNTIFS('Test cases'!$B$2:$B$469,"Crash and resume (SIGKILL during copy)",'Test cases'!$G$2:$G$469,"PASS") -> 0 | F15: =B15-E15 -> 5
A16: Upgrade from v2.0 database | B16: =COUNTIF('Test cases'!$B$2:$B$469,"Upgrade from v2.0 database") -> 6 | C16: =COUNTIFS('Test cases'!$B$2:$B$469,"Upgrade from v2.0 database",'Test cases'!$E$2:$E$469,"PASS") -> 6 | D16: =COUNTIFS('Test cases'!$B$2:$B$469,"Upgrade from v2.0 database",'Test cases'!$E$2:$E$469,"FAIL") -> 0 | E16: =COUNTIFS('Test cases'!$B$2:$B$469,"Upgrade from v2.0 database",'Test cases'!$G$2:$G$469,"PASS") -> 0 | F16: =B16-E16 -> 6
A17: Total (maker suites) | B17: =SUM(B5:B16) -> 468 | C17: =SUM(C5:C16) -> 468 | D17: =SUM(D5:D16) -> 0 | E17: =SUM(E5:E16) -> 411 | F17: =SUM(F5:F16) -> 57
A19: Checker's own scenarios (latest run) | B19: =COUNTA('Checker scenarios'!$A$2:$A$296) -> 295 | E19: =COUNTIF('Checker scenarios'!$F$2:$F$296,"PASS") -> 283 | F19: =COUNTIF('Checker scenarios'!$F$2:$F$296,"FAIL") -> 12 | G19: Each FAIL row was reviewed: a problem that is now fixed, or a mistake in the checker's own script (see the Checker's review column).
A20: of which still open after review | B20: =COUNTIF('Checker scenarios'!$I$2:$I$296,"Open") -> 0
A22: Findings | B22: Count | C22: Fixed | D22: Open | E22: High / Medium | F22: Low
A23: Round 1 | B23: =COUNTIF(Findings!$B$2:$B$31,1) -> 15 | C23: =COUNTIFS(Findings!$B$2:$B$31,1,Findings!$I$2:$I$31,"Fixed") -> 15 | D23: =COUNTIFS(Findings!$B$2:$B$31,1,Findings!$I$2:$I$31,"Open") -> 0 | E23: =COUNTIFS(Findings!$B$2:$B$31,1,Findings!$D$2:$D$31,"High")+COUNTIFS(Findings!$B$2:$B$31,1,Findings!$D$2:$D$31,"Medium") -> 7 | F23: =COUNTIFS(Findings!$B$2:$B$31,1,Findings!$D$2:$D$31,"Low") -> 8
A24: Round 2 | B24: =COUNTIF(Findings!$B$2:$B$31,2) -> 7 | C24: =COUNTIFS(Findings!$B$2:$B$31,2,Findings!$I$2:$I$31,"Fixed") -> 7 | D24: =COUNTIFS(Findings!$B$2:$B$31,2,Findings!$I$2:$I$31,"Open") -> 0 | E24: =COUNTIFS(Findings!$B$2:$B$31,2,Findings!$D$2:$D$31,"High")+COUNTIFS(Findings!$B$2:$B$31,2,Findings!$D$2:$D$31,"Medium") -> 4 | F24: =COUNTIFS(Findings!$B$2:$B$31,2,Findings!$D$2:$D$31,"Low") -> 3
A25: Round 3 | B25: =COUNTIF(Findings!$B$2:$B$31,3) -> 7 | C25: =COUNTIFS(Findings!$B$2:$B$31,3,Findings!$I$2:$I$31,"Fixed") -> 7 | D25: =COUNTIFS(Findings!$B$2:$B$31,3,Findings!$I$2:$I$31,"Open") -> 0 | E25: =COUNTIFS(Findings!$B$2:$B$31,3,Findings!$D$2:$D$31,"High")+COUNTIFS(Findings!$B$2:$B$31,3,Findings!$D$2:$D$31,"Medium") -> 4 | F25: =COUNTIFS(Findings!$B$2:$B$31,3,Findings!$D$2:$D$31,"Low") -> 3
A26: Round 4 | B26: =COUNTIF(Findings!$B$2:$B$31,4) -> 1 | C26: =COUNTIFS(Findings!$B$2:$B$31,4,Findings!$I$2:$I$31,"Fixed") -> 1 | D26: =COUNTIFS(Findings!$B$2:$B$31,4,Findings!$I$2:$I$31,"Open") -> 0 | E26: =COUNTIFS(Findings!$B$2:$B$31,4,Findings!$D$2:$D$31,"High")+COUNTIFS(Findings!$B$2:$B$31,4,Findings!$D$2:$D$31,"Medium") -> 0 | F26: =COUNTIFS(Findings!$B$2:$B$31,4,Findings!$D$2:$D$31,"Low") -> 1
A28: How to read: "Not run" in the checker column means the maker added the check after the checker's last run, or it is a maker-only browser/process test; the checker covered those areas with its own scripts (Checker scenarios).

Sheet Test cases
A1: Test ID | B1: Suite | C1: Area | D1: Check (what is verified) | E1: Maker result | F1: Maker round | G1: Checker result | H1: Checker round | I1: Notes
A2: EE-001 | B2: tests/e2e.mjs | C2: Core flow: folders, Azure Blob, S3, cross-provider | D2: admin login | E2: PASS | F2: 5 | G2: PASS | H2: 5
A3: EE-002 | B3: tests/e2e.mjs | C3: Core flow: folders, Azure Blob, S3, cross-provider | D3: CSRF header required | E3: PASS | F3: 5 | G3: PASS | H3: 5
A4: EE-003 | B4: tests/e2e.mjs | C4: Core flow: folders, Azure Blob, S3, cross-provider | D4: job created JOB-20261023-0001 | E4: PASS | F4: 5 | G4: PASS | H4: 5
A5: EE-004 | B5: tests/e2e.mjs | C5: Core flow: folders, Azure Blob, S3, cross-provider | D5: mapping read: 471 rows, headers ID,EmployeeCode,Type,Name,Description,UploadedOn,FileName,ModuleCode,SubModuleCode | E5: PASS | F5: 5 | G5: PASS | H5: 5
A6: EE-005 | B6: tests/e2e.mjs | C6: Core flow: folders, Azure Blob, S3, cross-provider | D6: columns auto-mapped | E6: PASS | F6: 5 | G6: PASS | H6: 5
A7: EE-006 | B7: tests/e2e.mjs | C7: Core flow: folders, Azure Blob, S3, cross-provider | D7: scan finished: Awaiting approval | E7: PASS | F7: 5 | G7: PASS | H7: 5
A8: EE-007 | B8: tests/e2e.mjs | C8: Core flow: folders, Azure Blob, S3, cross-provider | D8: unmapped = 7 | E8: PASS | F8: 5 | G8: PASS | H8: 5
A9: EE-008 | B9: tests/e2e.mjs | C9: Core flow: folders, Azure Blob, S3, cross-provider | D9: missing = 3 | E9: PASS | F9: 5 | G9: PASS | H9: 5
A10: EE-009 | B10: tests/e2e.mjs | C10: Core flow: folders, Azure Blob, S3, cross-provider | D10: ambiguous = 2 | E10: PASS | F10: 5 | G10: PASS | H10: 5
A11: EE-010 | B11: tests/e2e.mjs | C11: Core flow: folders, Azure Blob, S3, cross-provider | D11: invalid = 5 (blank emp, blank type, no date, 0-byte, blank filename) | E11: PASS | F11: 5 | G11: PASS | H11: 5
A12: EE-011 | B12: tests/e2e.mjs | C12: Core flow: folders, Azure Blob, S3, cross-provider | D12: duplicate = 2 (duplicate record + duplicate physical file) | E12: PASS | F12: 5 | G12: PASS | H12: 5
A13: EE-012 | B13: tests/e2e.mjs | C13: Core flow: folders, Azure Blob, S3, cross-provider | D13: every discovered file accounted for | E13: PASS | F13: 5 | G13: PASS | H13: 5
... A238: EES-054 | B238: tests/e2e-scenarios.mjs | C238: Mapping scenarios, multiple files, cloud round trip, keep-all rule | D238: nothing kept from the refused upload | E238: PASS | F238: 5 | G238: PASS | H238: 5
A239: EES-055 | B239: tests/e2e-scenarios.mjs | C239: Mapping scenarios, multiple files, cloud round trip, keep-all rule | D239: no files left on disk from the refused upload | E239: PASS | F239: 5 | G239: Not run | I239: Added after the checker's last suite run, or wording differs
A240: EES-056 | B240: tests/e2e-scenarios.mjs | C240: Mapping scenarios, multiple files, cloud round trip, keep-all rule | D240: file already added is refused, naming the earlier file | E240: PASS | F240: 5 | G240: PASS | H240: 5
A241: EES-057 | B241: tests/e2e-scenarios.mjs | C241: Mapping scenarios, multiple files, cloud round trip, keep-all rule | D241: a batch with a broken workbook is refused | E241: PASS | F241: 5 | G241: PASS | H241: 5
A242: EES-058 | B242: tests/e2e-scenarios.mjs | C242: Mapping scenarios, multiple files, cloud round trip, keep-all rule | D242: the good file of a refused batch is not kept | E242: PASS | F242: 5 | G242: PASS | H242: 5
A243: EES-059 | B243: tests/e2e-scenarios.mjs | C243: Mapping scenarios, multiple files, cloud round trip, keep-all rule | D243: only the one accepted file is on disk (mapping-m1.csv) | E243: PASS | F243: 5 | G243: Not run | I243: Added after the checker's last suite run, or wording differs
A244: EES-060 | B244: tests/e2e-scenarios.mjs | C244: Mapping scenarios, multiple files, cloud round trip, keep-all rule | D244: a second file with the same name is renamed (one (2).csv) | E244: PASS | F244: 5 | G244: PASS | H244: 5
A245: EES-061 | B245: tests/e2e-scenarios.mjs | C245: Mapping scenarios, multiple files, cloud round trip, keep-all rule | D245: a file that is not CSV or Excel is refused | E245: PASS | F245: 5 | G245: PASS | H245: 5
A246: EES-062 | B246: tests/e2e-scenarios.mjs | C246: Mapping scenarios, multiple files, cloud round trip, keep-all rule | D246: an empty mapping file is refused | E246: PASS | F246: 5 | G246: PASS | H246: 5
A247: EES-063 | B247: tests/e2e-scenarios.mjs | C247: Mapping scenarios, multiple files, cloud round trip, keep-all rule | D247: removing an unknown mapping file is refused | E247: PASS | F247: 5 | G247: PASS | H247: 5
A248: EES-064 | B248: tests/e2e-scenarios.mjs | C248: Mapping scenarios, multiple files, cloud round trip, keep-all rule | D248: a refused replacement keeps the current mapping file | E248: PASS | F248: 5 | G248: PASS | H248: 5
A249: EES-065 | B249: tests/e2e-scenarios.mjs | C249: Mapping scenarios, multiple files, cloud round trip, keep-all rule | D249: the current mapping file still scans after a refused replacement | E249: PASS | F249: 5 | G249: PASS | H249: 5
A250: EES-066 | B250: tests/e2e-scenarios.mjs | C250: Mapping scenarios, multiple files, cloud round trip, keep-all rule | D250: replacement accepted, even with content similar to the old file | E250: PASS | F250: 5 | G250: PASS | H250: 5
A251: EES-067 | B251: tests/e2e-scenarios.mjs | C251: Mapping scenarios, multiple files, cloud round trip, keep-all rule | D251: replacement leaves only the new file on disk (mapping-m2.csv) | E251: PASS | F251: 5 | G251: Not run | I251: Added after the checker's last suite run, or wording differs
A252: EES-068 | B252: tests/e2e-scenarios.mjs | C252: Mapping scenarios, multiple files, cloud round trip, keep-all rule | D252: replacing a file with identical content is allowed | E252: PASS | F252: 5 | G252: PASS | H252: 5
A253: EES-069 | B253: tests/e2e-scenarios.mjs | C253: Mapping scenarios, multiple files, cloud round trip, keep-all rule | D253: a viewer cannot add or remove mapping files | E253: PASS | F253: 5 | G253: PASS | H253: 5
A254: EES-070 | B254: tests/e2e-scenarios.mjs | C254: Mapping scenarios, multiple files, cloud round trip, keep-all rule | D254: job still scans normally after the refused uploads | E254: PASS | F254: 5 | G254: PASS | H254: 5
A255: EES-071 | B255: tests/e2e-scenarios.mjs | C255: Mapping scenarios, multiple files, cloud round trip, keep-all rule | D255: data sheet found after a summary sheet, hidden sheet skipped (2 rows) | E255: PASS | F255: 5 | G255: PASS | H255: 5
A256: EES-072 | B256: tests/e2e-scenarios.mjs | C256: Mapping scenarios, multiple files, cloud round trip, keep-all rule | D256: only the data sheet is used ({"READY":2,"PROCESSED":0,"UNMAPPED":1,"MISSING":0,"AMBIGUOUS":0,"DUPLICATE":0,"INVALID":0,"FAILED":0,"EXCLUDED":0}) | E256: PASS | F256: 5 | G256: PASS | H256: 5
A257: EES-073 | B257: tests/e2e-scenarios.mjs | C257: Mapping scenarios, multiple files, cloud round trip, keep-all rule | D257: default rule: flag as ambiguous | E257: PASS | F257: 5 | G257: PASS | H257: 5
A258: EES-074 | B258: tests/e2e-scenarios.mjs | C258: Mapping scenarios, multiple files, cloud round trip, keep-all rule | D258: flag: 2 ambiguous files ({"READY":1,"PROCESSED":0,"UNMAPPED":0,"MISSING":0,"AMBIGUOUS":2,"DUPLICATE":0,"INVALID":0,"FAILED":0,"EXCLUDED":0}) | E258: PASS | F258: 5 | G258: PASS | H258: 5
A259: EES-075 | B259: tests/e2e-scenarios.mjs | C259: Mapping scenarios, multiple files, cloud round trip, keep-all rule | D259: an unknown rule is refused | E259: PASS | F259: 5 | G259: PASS | H259: 5
A260: EES-076 | B260: tests/e2e-scenarios.mjs | C260: Mapping scenarios, multiple files, cloud round trip, keep-all rule | D260: keep all: two records that give the same path keep one copy, the other is DUPLICATE | E260: PASS | F260: 5 | G260: PASS | H260: 5
A261: EES-077 | B261: tests/e2e-scenarios.mjs | C261: Mapping scenarios, multiple files, cloud round trip, keep-all rule | D261: exclusion of one copy is re-applied to that copy only after a new scan | E261: PASS | F261: 5 | G261: PASS | H261: 5
A262: EES-078 | B262: tests/e2e-scenarios.mjs | C262: Mapping scenarios, multiple files, cloud round trip, keep-all rule | D262: keep all: one item per record, files still counted once ({"READY":6,"PROCESSED":0,"UNMAPPED":0,"MISSING":0,"AMBIGUOUS":0,"DUPLICATE":0,"INVALID":0,"FAILED":0,"EXCLUDED":0}, 3 files) | E262: PASS | F262: 5 | G262: PASS | H262: 5
A263: EES-079 | B263: tests/e2e-scenarios.mjs | C263: Mapping scenarios, multiple files, cloud round trip, keep-all rule | D263: each record has its own destination: E1/Offer/2024/amb.pdf | E2/PAN/2023/amb.pdf | E3/Form16/2022/amb.pdf | E263: PASS | F263: 5 | G263: PASS | H263: 5
... A415: EEL-056 | B415: tests/e2e-live.mjs | C415: Live scenarios: unsafe names, changed sources, duplicates, encodings, concurrency, reports | D415: items beyond the per-sheet limit continue on another sheet (Summary, Validation, Validation 2) | E415: PASS | F415: 5 | G415: PASS | H415: 5
A416: BMMF-001 | B416: Browser: multiple mapping files | C416: Browser (Playwright) | D416: four files listed with Remove buttons | E416: PASS | F416: 5 | G416: Not run | I416: Maker-only browser / process test; checker ran its own browser and crash tests (see Checker scenarios)
A417: BMMF-002 | B417: Browser: multiple mapping files | C417: Browser (Playwright) | D417: four preview tabs | E417: PASS | F417: 5 | G417: Not run | I417: Maker-only browser / process test; checker ran its own browser and crash tests (see Checker scenarios)
A418: BMMF-003 | B418: Browser: multiple mapping files | C418: Browser (Playwright) | D418: xlsx tab previews its own columns | E418: PASS | F418: 5 | G418: Not run | I418: Maker-only browser / process test; checker ran its own browser and crash tests (see Checker scenarios)
A419: BMMF-004 | B419: Browser: multiple mapping files | C419: Browser (Playwright) | D419: columns step warns that m4.csv is missing required columns | E419: PASS | F419: 5 | G419: Not run | I419: Maker-only browser / process test; checker ran its own browser and crash tests (see Checker scenarios)
A420: BMMF-005 | B420: Browser: multiple mapping files | C420: Browser (Playwright) | D420: Year-only file: note shown, Uploaded on not flagged missing | E420: PASS | F420: 5 | G420: Not run | I420: Maker-only browser / process test; checker ran its own browser and crash tests (see Checker scenarios)
A421: BMMF-006 | B421: Browser: multiple mapping files | C421: Browser (Playwright) | D421: warning gone after mapping m4 by hand | E421: PASS | F421: 5 | G421: Not run | I421: Maker-only browser / process test; checker ran its own browser and crash tests (see Checker scenarios)
A422: BMMF-007 | B422: Browser: multiple mapping files | C422: Browser (Playwright) | D422: hand mapping kept when switching tabs | E422: PASS | F422: 5 | G422: Not run | I422: Maker-only browser / process test; checker ran its own browser and crash tests (see Checker scenarios)
A423: BMMF-008 | B423: Browser: multiple mapping files | C423: Browser (Playwright) | D423: only the selected file is shown | E423: PASS | F423: 5 | G423: Not run | I423: Maker-only browser / process test; checker ran its own browser and crash tests (see Checker scenarios)
A424: BMMF-009 | B424: Browser: multiple mapping files | C424: Browser (Playwright) | D424: per-file mapping saved by Save and start scan | E424: PASS | F424: 5 | G424: Not run | I424: Maker-only browser / process test; checker ran its own browser and crash tests (see Checker scenarios)
A425: BMMF-010 | B425: Browser: multiple mapping files | C425: Browser (Playwright) | D425: scan from the UI: {"READY":9,"PROCESSED":0,"UNMAPPED":0,"MISSING":0,"AMBIGUOUS":1,"DUPLICATE":0,"INVALID":1,"FAILED":0,"EXCLUDED":0} | E425: PASS | F425: 5 | G425: Not run | I425: Maker-only browser / process test; checker ran its own browser and crash tests (see Checker scenarios)
A426: BMMF-011 | B426: Browser: multiple mapping files | C426: Browser (Playwright) | D426: resolve drawer names the mapping file of each candidate | E426: PASS | F426: 5 | G426: Not run | I426: Maker-only browser / process test; checker ran its own browser and crash tests (see Checker scenarios)
A427: BMMF-012 | B427: Browser: multiple mapping files | C427: Browser (Playwright) | D427: resolved in the UI to m4.csv (READY, m4.csv, E41/Payslip/2024/amb.pdf) | E427: PASS | F427: 5 | G427: Not run | I427: Maker-only browser / process test; checker ran its own browser and crash tests (see Checker scenarios)
... A469: UFVD-006 | B469: Upgrade from v2.0 database | C469: Upgrade | D469: both files used: E1/HR/2024/u1.pdf | E2/HR/2024/u2.pdf | E3/Payslip/2023/u3.pdf | E469: PASS | F469: 5 | G469: Not run | I469: Maker-only browser / process test; checker ran its own browser and crash tests (see Checker scenarios)

Sheet Checker scenarios
A1: Checker ID | B1: Area | C1: Scenario | D1: Expected | E1: Actual (latest run) | F1: Result | G1: Script | H1: Checker's review | I1: Final verdict
A2: L01 | B2: Per-job lock | C2: A 60 KB mapping uploaded at 6 KB/s (slow VPN) blocks other changes to the same job | D2: other users not blocked for the whole upload (or a clear busy message) | E2: exclude waited 3 ms (200); GET 7 ms; other job 4 ms; upload 200 | F2: PASS | G2: break2.mjs | I2: PASS
A3: L01b | B3: Per-job lock | C3: Other jobs and reads unaffected by one job's lock | D3: < 1 s | E3: GET 7 ms, other job 4 ms | F3: PASS | G3: break2.mjs | I3: PASS
A4: L02 | B4: Per-job lock | C4: Upload that trickles at 300 B/s (stalled client); another user starts a scan | D4: scan not blocked indefinitely; lock freed when upload aborted | E4: after 8 s scan still waiting=false; after client abort scan returned 200 in 4 ms | F4: PASS | G4: break2.mjs | I4: PASS
A5: L03 | B5: Per-job lock | C5: Lock released after client aborted mid-upload | D5: next request immediate | E5: 200 in 4 ms | F5: PASS | G5: break2.mjs | I5: PASS
A6: L04 | B6: Per-job lock | C6: Request aborted while waiting for the lock | D6: no leaked lock | E6: next request 400 in 3 ms | F6: PASS | G6: break2.mjs | I6: PASS
A7: L05 | B7: Per-job lock | C7: 180 concurrent exclude/restore/GET requests over 6 jobs | D7: all answered, no 500, counts consistent | E7: 269 ms; codes {"200":162,"400":18}; consistent true | F7: PASS | G7: break2.mjs | I7: PASS
A8: V01 | B8: Version | C8: Checker only looks (job, items, report, tree) 8 times | D8: version stable | E8: 0A411D7C5CA59C16 | F8: PASS | G8: break2.mjs | I8: PASS
A9: V02 | B9: Version | C9: Unrelated settings change while checker reviews | D9: version unchanged | E9: 0A411D7C5CA59C16 -> 0A411D7C5CA59C16 | F9: PASS | G9: break2.mjs | I9: PASS
A10: V03 | B10: Version | C10: Withdraw changes version; exclude changes version | D10: all different | E10: 0A411D7C5CA59C16 / 721D515FAB3F4DD7 / 721D515FAB3F4DD7 | F10: FAIL | G10: break2.mjs | H10: Mistake in the checker's script (short note value); version change verified by ver2.mjs | I10: Not a defect
A11: V04 | B11: Version | C11: Exclude X, restore X, exclude Y (same status): different exclusions, same counts | D11: version changes (what was excluded differs) | E11: 721D515FAB3F4DD7 vs 721D515FAB3F4DD7 | F11: FAIL | G11: break2.mjs | H11: Info: the version follows counts; the set of files copied is unchanged | I11: Accepted
A12: V05 | B12: Version | C12: Resolve ambiguous changes version | D12: changes | E12: 721D515FAB3F4DD7 -> 588DA7BC76B16BB2 | F12: PASS | G12: break2.mjs | I12: PASS
A13: V06 | B13: Version | C13: Approve with stale version | D13: 409 | E13: 409 The job has changed since you opened it (it was rescanned, resubmitted or its exceptions changed). R | F13: PASS | G13: break2.mjs | I13: PASS
A14: V07 | B14: Version | C14: Approve with a made-up version | D14: 409 | E14: 409 The job has changed since you opened it (it was rescanned, resubmitted or its exceptions changed). R | F14: PASS | G14: break2.mjs | I14: PASS
A15: V08 | B15: Version | C15: Approve with empty version string (API client) | D15: 400/409 (version required with maker-checker) | E15: 400 Maker-checker is on: send the version of the job you reviewed ("version" from GET /api/jobs/{id}). | F15: PASS | G15: break2.mjs | I15: PASS
A16: V09 | B16: Version | C16: Approve with no version field at all | D16: refused when maker-checker on (otherwise the stale-tab check is optional) | E16: 200 {"started":true} | F16: FAIL | G16: break2.mjs | H16: The checker's helper filled in the version automatically; n3.mjs (no version) refused as required | I16: Not a defect
A17: V10 | B17: Version | C17: Approve with current version | D17: 200 | E17: 409 The job has changed since you opened it (it was rescanned, resubmitted or its exceptions changed). R | F17: FAIL | G17: break2.mjs | H17: Mistake in the checker's script (lower-case version); verified by ver2.mjs V10 | I17: Not a defect
A18: S01 | B18: Settings | C18: Misspelt key {"requireSecondApproval": false} | D18: 400 unknown setting (admin thinks it changed) | E18: 400 Unknown setting: requireSecondApproval.; requireSecondApprover still true | F18: PASS | G18: break2.mjs | I18: PASS
A19: S02 | B19: Settings | C19: null value | D19: 400 | E19: 400 Setting requireSecondApprover has an invalid value. | F19: PASS | G19: break2.mjs | I19: PASS
A20: S03 | B20: Settings | C20: Keys in other case | D20: applied | E20: 200 {"allowOverwrite":false,"maxParallelCopies":9,"jobRetentionDays":365,"auditRetentionDays":2555,"loca; rsa false, par 9 | F20: PASS | G20: break2.mjs | I20: PASS
A21: S04 | B21: Settings | C21: String "true" for a boolean | D21: 400 | E21: 400 Setting requireSecondApprover has an invalid value. | F21: PASS | G21: break2.mjs | I21: PASS
A22: S05 | B22: Settings | C22: maxParallelCopies 1,000,000 | D22: clamped to 64 | E22: 200 {"allowOverwrite":false,"maxParallelCopies":64,"jobRetentionDays":365,"auditRetentionDays":2555,"loc -> 64 | F22: PASS | G22: break2.mjs | I22: PASS
A23: S06 | B23: Settings | C23: Array body | D23: 400 | E23: 400 null | F23: PASS | G23: break2.mjs | I23: PASS
A24: S07 | B24: Settings | C24: Fractional number for an integer | D24: 400 | E24: 400 Setting maxParallelCopies has an invalid value. | F24: PASS | G24: break2.mjs | I24: PASS
A25: S08 | B25: Settings | C25: Operator partial PUT | D25: 403 | E25: 403 null | F25: PASS | G25: break2.mjs | I25: PASS
A26: D01 | B26: Dots rule | C26: Employee name "Pvt. Ltd." (not in template) | D26: READY | E26: READY E1/Offer/HR/2024/p1.pdf | F26: PASS | G26: break2.mjs | I26: PASS
A27: D02 | B27: Dots rule | C27: Employee code "A.B." | D27: READY, folder "A.B" | E27: READY A.B/Offer/HR/2024/p2.pdf | F27: PASS | G27: break2.mjs | I27: PASS
A28: D03 | B28: Dots rule | C28: Type "Sr." | D28: READY, folder "Sr" | E28: READY E3/Sr/HR/2024/p3.pdf | F28: PASS | G28: break2.mjs | I28: PASS
A29: D04 | B29: Dots rule | C29: Type "...Report" | D29: READY | E29: READY E4/...Report/HR/2024/p4.pdf | F29: PASS | G29: break2.mjs | I29: PASS
... A86: EX13 | B86: Exclusions | C86: Viewer excludes | D86: 403 | E86: 403 null | F86: PASS | G86: ex.mjs | I86: PASS
A87: EX03 | B87: Exclusions | C87: Exclude a whole reason group | D87: 0 more excluded (one already) | E87: 200 1 item excluded. | F87: FAIL | G87: ex.mjs | H87: Mistake in the checker's expectation (reviewed by the checker) | I87: Not a defect
A88: EX04 | B88: Exclusions | C88: Exclusions remembered after config change and rescan | D88: 2 excluded | E88: 2 | F88: PASS | G88: ex.mjs | I88: PASS
A89: EX05 | B89: Exclusions | C89: Restore a reason group | D89: UNMAPPED again (2) | E89: 200 2 items restored.; unmapped 2 | F89: PASS | G89: ex.mjs | I89: PASS
A90: EX05b | B90: Exclusions | C90: Restore again when nothing excluded | D90: 400 | E90: 400 None of the chosen items are excluded. | F90: PASS | G90: ex.mjs | I90: PASS
A91: SC04b | B91: Rules | C91: KeepAll: one file, two records | D91: 2 READY items, E5 and E6 folders | E91: READY E5/Offer/2024/shared.pdf (File matches 2 mapping records (R5, R6); kept for each (rule) | READY E6/PAN/2024/shared.pdf (File matches 2 mapping records (R5, R6); kept for each (rule) | F91: PASS | G91: ex.mjs | I91: PASS
A92: EX08 | B92: Exclusions | C92: Exclude while job is Draft (after config change) | D92: 400 | E92: 400 Exceptions can be excluded after a scan, while the job is awaiting approval, paused or completed. | F92: PASS | G92: ex.mjs | I92: PASS
A93: SC04c | B93: Rules | C93: KeepAll copies the shared file twice | D93: E5/... and E6/... exist | E93: E5/Offer/2024/shared.pdf, E6/PAN/2024/shared.pdf | F93: PASS | G93: ex.mjs | I93: PASS
A94: SC17 | B94: Processing | C94: Destination contains no .partial files and nothing outside template | D94: clean | E94: clean | F94: PASS | G94: ex.mjs | I94: PASS
A95: SC18 | B95: Processing | C95: Source untouched after copy | D95: 21 files | E95: 21 | F95: PASS | G95: ex.mjs | I95: PASS
A96: EX14 | B96: Exclusions | C96: Exclude every exception after copy | D96: job becomes Completed | E96: 200 9 items excluded. -> Completed | F96: PASS | G96: ex.mjs | I96: PASS
A97: EX15 | B97: Exclusions | C97: Restore all after copy | D97: Completed with exceptions | E97: Completed with exceptions | F97: PASS | G97: ex.mjs | I97: PASS
A98: SE20 | B98: Security | C98: CSV report: name "=HYPERLINK(...)" | D98: prefixed with ' | E98: JOB-20261023-0008,R16,map.csv,E16,"'=HYPERLINK(""http://evil"",""x"")",Offer,,,2024-01-01,formula.pdf,/tmp/claude-0/chec | F98: PASS | G98: ex.mjs | I98: PASS
A99: SE21 | B99: Security | C99: CSV report: name starting with TAB then "=" | D99: neutralised (prefixed with ') | E99: "JOB-20261023-0008,R17,map.csv,E17,'=1+1,Offer,,,2024-01-01,tab.pdf,/tmp/claude-0" | F99: PASS | G99: ex.mjs | I99: PASS
... A127: N6b | B127: Settings | C127: Valid + unknown key in one request | D127: 400 and nothing changed | E127: 400 Unknown setting: bogus.; requireSecondApprover false | F127: PASS | G127: it3.mjs | I127: PASS
A128: N3a | B128: Version | C128: Maker-checker on: approve without version | D128: 400 | E128: 200 {"started":true} | F128: FAIL | G128: it3.mjs | H128: The checker's helper filled in the version automatically; n3.mjs (no version) refused as required | I128: Not a defect
A129: N3b | B129: Version | C129: Maker without version gets the maker message first (not a version hint) | D129: 403 | E129: 400 Only a validated job awaiting approval can be approved. | F129: FAIL | G129: it3.mjs | H129: Same helper effect; maker gets the 403 maker message (n3.mjs) | I129: Not a defect
A130: N3c | B130: Version | C130: Maker-checker off: approve without version (older scripts) | D130: 200 | E130: 200 {"started":true} | F130: PASS | G130: it3.mjs | I130: PASS
A131: F1 | B131: Jobs | C131: 20 jobs created at the same moment by 3 users | D131: 20 distinct ids, no 500 | E131: 20 ok, 20 distinct, codes 200 | F131: PASS | G131: it4.mjs | I131: PASS
A132: A1 | B132: Same destination (cloud) | C132: S3: job 1 to prefix "nest/" (template with EmployeeCode), job 2 to "nest/E0/" (template without) — same final objects | D132: 400 PROCESSED in total | E132: processed 400+398; duplicate 0/2 | F132: FAIL | G132: it4.mjs | H132: Finding F30 (round 4), fixed; round 5 re-run: 400+0 processed, 0 wrong content (it5/it4-A-*.log) | I132: Fixed
A133: B1 | B133: Same destination | C133: Rename rule, 3 jobs, destination written as "/out", "/out/" and a link to it | D133: 1200 files, all PROCESSED, content matches | E133: processed 400+400+400; duplicate 0/0/0; files 1200; wrong content 0 | F133: PASS | G133: it4.mjs | I133: PASS
A134: C1 | B134: Slot lock | C134: Pause a job whose copies are waiting for slots held by another job (40 MB files, parallel 2) | D134: pauses promptly | E134: 200; Paused after 1696 ms; processed so far 15 | F134: PASS | G134: it4.mjs | I134: PASS
A135: C2 | B135: Slot lock | C135: Resume after pause; both jobs finish | D135: 60 files, all PROCESSED, no partial | E135: processed 30+30; files 60; partial 0 | F135: PASS | G135: it4.mjs | I135: PASS
A136: D1 | B136: Slot lock | C136: Retry-failed of job A runs while job B copies to the same destination (Skip) | D136: 200 PROCESSED in total, content matches | E136: A 100 (dup 100, failed 0); B 100 (dup 100); wrong content 0 | F136: PASS | G136: it4.mjs | I136: PASS
A137: X1 | B137: Excel | C137: XLSX with 3 title rows before the header | D137: header row 4 detected | E137: 200 {"files":[{"id":"m1","fileName":"titled.xlsx","rows":4,"sha256":"a61f3d472e3bcc8210188a56a3940eef6d5 headerRow=3 headers=["ID","EmployeeCode","Type","UploadedOn","FileName"] | F137: PASS | G137: live3.mjs | I137: PASS
A138: X2 | B138: Excel | C138: UploadedOn as a real Excel date cell (2021-05-03) | D138: year 2021 | E138: READY 2021 E1/Offer/2021/x1.pdf | F138: PASS | G138: live3.mjs | I138: PASS
A139: X3 | B139: Excel | C139: UploadedOn as a bare serial number 44927 (=2023-01-01, no date format) | D139: year 2023 or INVALID with clear reason | E139: READY 2023 E2/Offer/2023/x2.pdf | F139: PASS | G139: live3.mjs | I139: PASS
A140: X4 | B140: Excel | C140: UploadedOn as a date-only cell 2019-12-31 | D140: year 2019 | E140: READY 2019 E3/Offer/2019/x3.pdf | F140: PASS | G140: live3.mjs | I140: PASS
A141: X5 | B141: Excel | C141: Blank row in the middle of the data | D141: skipped, rows after it still read | E141: READY 2022 E4/Offer/2022/x4.pdf | F141: PASS | G141: live3.mjs | I141: PASS
A142: X6 | B142: Excel | C142: Workbook whose first sheet is "Instructions" and data on sheet 2 | D142: data sheet found, or clear message naming the sheet | E142: 200 {"files":[{"id":"m1","fileName":"twosheets.xlsx","rows":1,"sha256":"e4998235f798ff81c981921cd941ff17 headers=["ID","EmployeeCode","Type","UploadedOn","FileName"] | F142: PASS | G142: live3.mjs | I142: PASS
A143: X7 | B143: CSV | C143: Quoted line break and escaped quotes inside cells | D143: both READY | E143: {"READY":2,"PROCESSED":0,"UNMAPPED":0,"MISSING":0,"AMBIGUOUS":0,"DUPLICATE":0,"INVALID":0,"FAILED":0,"EXCLUDED":0} | F143: PASS | G143: live3.mjs | I143: PASS
A144: CC1 | B144: Concurrency | C144: Two jobs copy the same 300 files into the same destination at the same time | D144: each file copied once; the other job reports it as DUPLICATE; no _dup or partial | E144: job1 {"processed":69,"skipped":231,"failed":0}, job2 {"processed":231,"skipped":69,"failed":0}; files 300; partial 0; failed 0 | F144: PASS | G144: live3.mjs | I144: PASS
... A204: MC21b | B204: Maker-checker | C204: Original maker approves a restore request made by someone else | D204: allowed (any other person per guide) | E204: 200 Approved. 1 item restored. excluded 3->2 | F204: PASS | G204: mc.mjs | I204: PASS
A205: MC26a | B205: Maker-checker | C205: Setting off: exclusion applies directly | D205: 200 count | E205: 400 None of the chosen items can be excluded (only exceptions can). | F205: FAIL | G205: mc.mjs | H205: Mistake in the checker's script (reviewed by the checker) | I205: Not a defect
A206: MC26b | B206: Maker-checker | C206: Setting off: old pending request still approvable | D206: info | E206: 200 Approved. 2 items excluded. | F206: PASS | G206: mc.mjs | I206: PASS
A207: MC17 | B207: Maker-checker | C207: Deactivated checker with live session approves | D207: 401 | E207: 401 null | F207: PASS | G207: mc.mjs | I207: PASS
A208: MC18 | B208: Maker-checker | C208: Operator demoted to Viewer (live session) approves | D208: 401/403 | E208: 401 null | F208: PASS | G208: mc.mjs | I208: PASS
A209: MC25 | B209: Maker-checker | C209: Maker deactivated after submit; checker approves | D209: 200 | E209: 200 {"started":true} | F209: PASS | G209: mc.mjs | I209: PASS
A210: MC30 | B210: Maker-checker | C210: Reconciliation xlsx downloads after maker-checker approval | D210: 200 xlsx | E210: 200 4870B | F210: PASS | G210: mc.mjs | I210: PASS
A211: MC31 | B211: Maker-checker | C211: Audit has submit and approval with checker | D211: Submitted + Processing approved | E211: Processing approved,Submitted for approval | F211: PASS | G211: mc.mjs | I211: PASS
A212: MC19 | B212: Maker-checker | C212: Submit and config change sent at the same moment (15 tries) | D212: never a submitted job whose content changed after submit | E212: 0 jobs ended submitted after a rescan | F212: PASS | G212: mc.mjs | I212: PASS
A213: P01 | B213: Processing | C213: Source file changed after scan (folder, hash-while-copying) | D213: FAILED source changed | E213: FAILED Source file changed after the scan (ETag mismatch), so it wa | F213: PASS | G213: proc.mjs | I213: PASS
A214: P02 | B214: Processing | C214: Source file deleted after scan | D214: FAILED no longer exists | E214: FAILED Source file no longer exists. | F214: PASS | G214: proc.mjs | I214: PASS
A215: P03 | B215: Processing | C215: Retry failed: changed file copied, deleted file still missing | D215: a PROCESSED, b FAILED, stillMissing 1 | E215: 200 {"retried":1,"stillMissing":1}; a PROCESSED, b FAILED | F215: PASS | G215: proc.mjs | I215: PASS
A216: P04 | B216: Processing | C216: Hash-while-copying records equal source/destination SHA-256 | D216: equal hashes | E216: aa7da6b493 / aa7da6b493 Sha256 | F216: PASS | G216: proc.mjs | I216: PASS
A217: P05 | B217: Processing | C217: Destination disk fills up during copy | D217: some PROCESSED, rest FAILED with a clear reason, no .partial files left | E217: Completed with exceptions; 3 processed, 5 failed: "No space left on device : '/tmp/claude-0/checker/full/out/E3"; partials 0 | F217: PASS | G217: proc.mjs | I217: PASS
A218: P06 | B218: Processing | C218: Retry after space is freed (destination emptied) | D218: job Completed (some files may now be DUPLICATE?) | E218: 200 {"retried":5,"stillMissing":0} -> Completed {"processed":8,"skipped":0,"failed":0} | F218: PASS | G218: proc.mjs | I218: PASS
A219: LP01 | B219: Live progress | C219: Copy in progress: live done/total, rate, bytesRate, ETA | D219: all present and plausible | E219: null | F219: FAIL | G219: proc.mjs | H219: Copy finished too fast to observe here; covered by proc2.mjs, which passed | I219: Not a defect
A220: P07 | B220: Processing | C220: App killed (SIGKILL) during copy, restarted | D220: job Paused with restart message | E220: Completed: undefined (partials on disk after kill: 0) | F220: FAIL | G220: proc.mjs | H220: Copy finished too fast to observe here; covered by proc2.mjs, which passed | I220: Not a defect
A221: P08 | B221: Processing | C221: Resume after crash | D221: 400 PROCESSED, 400 files, no partials, no _dup | E221: Completed {"READY":0,"PROCESSED":400,"UNMAPPED":0,"MISSING":0,"AMBIGUOUS":0,"DUPLICATE":0,; files 400; partial 0; dup 0 | F221: PASS | G221: proc.mjs | I221: PASS
A222: LP02 | B222: Live progress | C222: After copy: copyResult and progress | D222: processed 400 | E222: {"processed":400,"skipped":0,"failed":0} {"done":400,"total":400,"live":false} | F222: PASS | G222: proc.mjs | I222: PASS
A223: P10 | B223: Concurrency | C223: Two users start a scan of the same job at once | D223: one 200, one 400 | E223: 200/400 | F223: PASS | G223: proc.mjs | I223: PASS
A224: P11 | B224: Concurrency | C224: Two users approve the same job at once | D224: one 200, one 400; one audit entry | E224: 200/400 | F224: PASS | G224: proc.mjs | I224: PASS
A225: P11b | B225: Concurrency | C225: Audit after double approve | D225: 1 "Processing approved" | E225: 1 | F225: PASS | G225: proc.mjs | I225: PASS
A226: P12 | B226: Validation | C226: Source folder inside destination folder (admin guide: always refused) | D226: 400 | E226: 400 Source folder cannot be inside the destination folder (copies could be written into the source). | F226: PASS | G226: proc.mjs | I226: PASS
A227: P13 | B227: Processing | C227: Pause, then resume | D227: Completed, 300 processed | E227: Completed 300 | F227: PASS | G227: proc.mjs | I227: PASS
A228: P14 | B228: Volume | C228: 20000 files: scan, copy, xlsx report | D228: all PROCESSED, reasonable times | E228: scan 1815ms, copy 6539ms, report 735ms 2888736B; processed 20000 | F228: PASS | G228: proc.mjs | I228: PASS
A229: P15 | B229: Volume | C229: Search items in a 20k job | D229: < 2 s | E229: 51ms total=11 | F229: PASS | G229: proc.mjs | I229: PASS
A230: P12b | B230: Validation | C230: Source inside destination + employee code equal to source folder name | D230: refused; source never modified | E230: job refused: create job: 400 {"error":"Source folder cannot be inside the destination folder (copies co; source now holds: a.pdf | F230: PASS | G230: proc2.mjs | I230: PASS
A231: LP01 | B231: Live progress | C231: Copy in progress: live done/total, rate, bytesRate, ETA | D231: all present and plausible | E231: {"done":44,"total":500,"bytesDone":184553926,"bytesTotal":2097276750,"copied":44,"skipped":0,"failed":0,"rate":31.8,"bytesRate":133532005,"etaSeconds":15,"elapsedSeconds":1,"live":true} | F231: PASS | G231: proc2.mjs | H231: Copy finished too fast to observe here; covered by proc2.mjs, which passed | I231: Not a defect
A232: LP03 | B232: Live progress | C232: ETA consistent with bytes left / speed | D232: ~14s | E232: 15s | F232: PASS | G232: proc2.mjs | I232: PASS
A233: LP04 | B233: Live progress | C233: ETA appears within a few seconds of start | D233: non-null after <= ~2 s | E233: first ETA after 10 samples of 14 | F233: PASS | G233: proc2.mjs | I233: PASS
A234: P07 | B234: Processing | C234: App killed (SIGKILL) during copy, restarted | D234: job Paused with restart message | E234: Paused: Processing was interrupted by an application restart. Resume to contin; files on disk at kill 49 (partials 1); recorded processed 0 | F234: PASS | G234: proc2.mjs | H234: Copy finished too fast to observe here; covered by proc2.mjs, which passed | I234: Not a defect
A235: LP05 | B235: Live progress | C235: Live progress after resume counts earlier files | D235: done >= processed before | E235: {"done":17,"total":500,"bytesDone":71304568,"bytesTotal":2097276750,"copied":17,"skipped":0,"failed":0,"rate":0,"bytesRate":0,"etaSeconds":null,"elapsedSeconds":0,"live":true} | F235: PASS | G235: proc2.mjs | I235: PASS
A236: P08 | B236: Processing | C236: Resume after crash | D236: 500 PROCESSED, 500 files, no partials, no _dup; file in flight verified | E236: Completed processed 500 dup 0 failed 0; files 500; partial 0; _dup 0; verified-on-resume 48 | F236: PASS | G236: proc2.mjs | I236: PASS
A237: SE01 | B237: Security | C237: State-changing call without X-DocOrg header (CSRF) | D237: 400 | E237: 400 {"error":"Missing X-DocOrg request header."} | F237: PASS | G237: sec.mjs | I237: PASS
A238: SE01b | B238: Security | C238: Cross-site simple POST to login (text/plain, no header) | D238: 400 | E238: 400 | F238: PASS | G238: sec.mjs | I238: PASS
A239: SE02-jobs | B239: Security | C239: Anonymous GET /api/jobs | D239: 401 | E239: 401 null | F239: PASS | G239: sec.mjs | I239: PASS
A240: SE02-report | B240: Security | C240: Anonymous GET /api/jobs/JOB-20261023-0006/report | D240: 401 | E240: 401 null | F240: PASS | G240: sec.mjs | I240: PASS
A241: SE02-audit | B241: Security | C241: Anonymous GET /api/audit | D241: 401 | E241: 401 null | F241: PASS | G241: sec.mjs | I241: PASS
A242: SE02-approve | B242: Security | C242: Anonymous POST /api/jobs/JOB-20261023-0006/approve | D242: 401 | E242: 401 null | F242: PASS | G242: sec.mjs | I242: PASS
...

Sheet Findings
A1: Finding | B1: Found in round | C1: Found by | D1: Severity | E1: Problem | F1: Fix | G1: Test added (maker) | H1: Re-verified by checker in round | I1: Status
A2: F01 | B2: 1 | C2: Checker | D2: High | E2: A change sent at the same moment as Submit (mapping upload, rules, scan) could leave a changed job marked as submitted, so the checker approved content they had not reviewed. | F2: Every change to one job is handled one request at a time; any return to Draft or a new scan clears the submission. | G2: e2e-makerchecker: submit racing a mapping upload | H2: 2 | I2: Fixed
A3: F02 | B3: 1 | C3: Checker | D3: Medium | E3: Approving from a page opened before the job changed copied the new content (the page said 1 file, 2 were copied). | F3: Approval carries the version the approver reviewed; a changed job returns 409 "The job has changed since you opened it". "1 files" wording fixed. | G3: e2e-makerchecker: stale approval refused (409) | H3: 2 | I3: Fixed
A4: F03 | B4: 1 | C4: Checker | D4: Medium | E4: A source folder inside the destination folder was accepted, and copies could be written into the source. | F4: Source inside destination is refused (folders and cloud prefixes). | G4: e2e-live L5 | H4: 2 | I4: Fixed
A5: F04 | B5: 1 | C5: Checker | D5: Medium | E5: Approve and reject (or withdraw) of the same change request could both succeed. | F5: A decision claims the request (only if still Pending) before acting. | G5: e2e-makerchecker: approve and reject at the same moment | H5: 2 | I5: Fixed
A6: F05 | B6: 1 | C6: Checker | D6: Low | E6: Two simultaneous approvals recorded two approvals in the audit log. | F6: Per-job lock: the second approval sees the job already copying and is refused before anything is recorded. | G6: e2e-makerchecker: two approvals at once | H6: 2 | I6: Fixed
A7: F06 | B7: 1 | C7: Checker | D7: Low | E7: An employee code or type of only dots (".", "..") silently put files one folder higher. | F7: Such values make the item INVALID with a clear reason. | G7: e2e-live L1 | H7: 2 | I7: Fixed
A8: F07 | B8: 1 | C8: Checker | D8: Low | E8: A second change request for items already in a pending request was accepted. | F8: Refused, naming the pending request. | G8: e2e-makerchecker: duplicate request refused | H8: 2 | I8: Fixed
A9: F08 | B9: 1 | C9: Checker | D9: Low | E9: Saving one setting through the API reset the others (could silently turn maker-checker off). | F9: Only the settings sent are changed. | G9: e2e-security: saving one setting | H9: 2 | I9: Fixed
A10: F09 | B10: 1 | C10: Checker | D10: Low | E10: Search treated % and _ as wildcards, so "exclude all in this view" could cover more than intended. | F10: % and _ are searched for literally. | G10: e2e-live L7 | H10: 2 | I10: Fixed
A11: F10 | B11: 1 | C11: Checker | D11: Low | E11: A session cookie kept working after sign-out or a password change. | F11: Server-side sessions ended by sign-out, password change and password reset. | G11: e2e-security: sessions | H11: 2 | I11: Fixed
A12: F11 | B12: 1 | C12: Checker | D12: Low | E12: Five wrong passwords from anywhere locked any account, including admin. | F12: Lockout per user name and computer (IP address). | G12: e2e-security: lockout | H12: 2 | I12: Fixed
A13: F12 | B13: 1 | C13: Maker | D13: Medium | E13: A crash during a copy left half-written ".partial" files at the destination. | F13: Removed when the copy resumes. | G13: Crash and resume test | H13: 1 | I13: Fixed
... A31: F30 | B31: 4 | C31: Checker | D31: Low | E31: Two jobs writing overlapping S3 destinations at once (prefix p/ with folders vs prefix p/E0/) could still overwrite each other with the integrity check off. | F31: The copy lock is keyed by the final object path, so overlapping destinations share it. | G31: e2e-scenarios D: overlapping S3 destinations | H31: 5 | I31: Fixed
